Tool,Overall Rating,Best For,Strengths,Performance Score,Category
Lovable,⭐⭐⭐⭐,MVP Development,"Speed(8/10), Creativity(8/10)",38/50,Balanced
Bolt,⭐⭐⭐⭐,Rapid Prototyping,"Speed(8/10), Creativity(8/10)",38/50,Balanced
Kimi AI,⭐⭐⭐⭐,Multilingual Tasks,"Cost-Effectiveness(10/10), Accuracy(9/10)",42/50,Free/Open Source
ZAI Chat,⭐⭐⭐⭐,Daily Productivity,"Cost-Effectiveness(10/10), Speed(8/10)",40/50,Free/Open Source
Trae AI,⭐⭐⭐⭐⭐,Debugging,"Technical(9/10), Speed(8/10)",41/50,Technical Excellence
Phind,⭐⭐⭐⭐⭐,Technical Q&A,"Cost-Effectiveness(10/10), Accuracy(9/10)",44/50,Free/Open Source
Firebase Studio,⭐⭐⭐⭐,Firebase Development,"Creativity(9/10), Technical(9/10)",43/50,Free/Open Source
Blackbox AI,⭐⭐⭐⭐,Code Search,"Technical(8/10), Speed(7/10)",36/50,Balanced
GitHub Copilot,⭐⭐⭐⭐⭐,VS Code Integration,"Accuracy(9/10), Technical(9/10)",41/50,Technical Excellence
Codeium,⭐⭐⭐⭐,Free Autocomplete,"Speed(8/10), Accuracy(8/10)",38/50,Balanced
Cursor,⭐⭐⭐⭐⭐,Code Refactoring,"Accuracy(9/10), Technical(9/10)",41/50,Technical Excellence
Claude AI,⭐⭐⭐⭐⭐,Architecture Planning,"Accuracy(9/10), Creativity(9/10)",42/50,Technical Excellence
Replit AI,⭐⭐⭐⭐,Cloud Development,"Speed(8/10), Accuracy(8/10)",37/50,Balanced
v0 by Vercel,⭐⭐⭐⭐⭐,React UI Generation,"Speed(9/10), Accuracy(9/10)",43/50,Technical Excellence
ChatGPT,⭐⭐⭐⭐,Learning & Exploration,"Speed(9/10), Accuracy(8/10)",41/50,High Performance
Amazon Q Developer,⭐⭐⭐⭐,AWS Development,"Speed(8/10), Accuracy(8/10)",39/50,Balanced
Zed Editor,⭐⭐⭐⭐,Collaborative Coding,"Speed(8/10), Accuracy(8/10)",39/50,Balanced
Windsurf Editor,⭐⭐⭐⭐,Enhanced Productivity,"Speed(8/10), Accuracy(8/10)",39/50,Balanced
Aider,⭐⭐⭐⭐,Terminal-based Development,"Speed(8/10), Accuracy(8/10)",40/50,Balanced
Continue,⭐⭐⭐⭐,Privacy-focused Development,"Speed(8/10), Accuracy(8/10)",40/50,Balanced
Sourcegraph Cody,⭐⭐⭐⭐,Large Codebase Management,"Speed(8/10), Accuracy(8/10)",39/50,Balanced
